station,mean,median,p05,p95,n
400319,67.599,68.2,64.167,69.633,70131.0
400214,67.567,68.167,64.067,69.867,70131.0
400350,67.151,69.167,57.55,70.567,70131.0
400093,67.013,68.1,59.2,71.233,70131.0
400138,66.862,67.933,60.133,71.3,70131.0
400237,66.685,67.567,61.767,70.233,70131.0
400322,66.567,67.9,59.933,70.5,70131.0
400318,66.511,66.833,62.933,68.6,70131.0
400160,66.337,67.267,63.133,68.833,70131.0
400231,66.254,67.3,63.167,68.967,70131.0
400116,66.015,66.667,60.7,68.667,70131.0
400001,65.982,67.767,52.5,71.933,70131.0
400283,65.886,66.6,61.8,68.867,70131.0
400242,65.869,64.9,61.467,70.767,70131.0
400000,65.785,67.567,60.9,69.1,70131.0
400218,65.755,67.1,59.5,68.433,70131.0
400192,65.663,67.4,57.467,70.967,70131.0
400143,65.612,68.4,51.9,71.733,70131.0
400180,65.571,66.233,57.167,69.767,70131.0
400255,65.35,67.467,49.1,73.033,70131.0
400010,65.261,66.067,60.333,68.733,70131.0
400168,65.223,67.567,56.3,69.7,70131.0
400043,65.207,65.833,58.4,69.1,70131.0
400156,65.146,65.4,61.4,69.6,70131.0
400045,65.108,66.567,55.2,70.6,70131.0
400223,65.088,67.533,51.05,70.333,70131.0
400183,64.947,66.367,55.867,69.333,70131.0
400312,64.916,66.233,54.1,69.867,70131.0
400039,64.859,65.767,60.367,68.367,70131.0
400246,64.762,66.833,55.3,69.1,70131.0
400088,64.724,65.3,59.033,69.5,70131.0
400181,64.71,66.867,49.8,70.033,70131.0
400353,64.682,66.6,53.733,69.4,70131.0
400316,64.649,66.367,57.5,68.733,70131.0
400125,64.621,65.5,60.0,67.767,70131.0
400107,64.255,65.6,53.933,68.833,70131.0
400134,64.096,66.933,51.567,71.133,70131.0
400014,63.978,65.267,51.767,70.867,70131.0
400228,63.835,64.567,55.567,70.733,70131.0
400253,63.692,65.067,56.1,69.767,70131.0
400349,63.608,64.067,55.567,69.867,70131.0
400119,63.59,64.133,59.2,67.167,70131.0
400331,63.476,63.6,53.633,71.9,70131.0
400338,63.409,64.233,54.433,68.667,70131.0
400007,63.37,65.633,40.767,69.0,70131.0
400330,63.307,66.133,49.917,69.1,70131.0
400252,63.261,64.867,54.833,69.433,70131.0
400028,63.11,64.733,48.317,67.733,70131.0
400363,63.024,65.2,49.567,69.833,70131.0
400011,62.999,63.333,46.833,72.3,70131.0
400238,62.926,65.6,50.367,68.6,70131.0
400137,62.879,64.7,52.333,69.3,70131.0
400106,62.837,67.233,34.683,71.133,70131.0
400275,62.595,64.667,49.367,71.633,70131.0
400263,62.569,65.133,45.967,71.5,70131.0
400360,62.33,65.0,48.4,69.967,70131.0
400084,62.328,65.533,36.517,68.067,70131.0
400300,62.198,62.433,53.7,69.667,70131.0
400094,62.192,63.533,52.333,68.733,70131.0
400141,62.061,63.1,51.933,68.933,70131.0
400276,62.049,64.3,50.6,67.5,70131.0
400260,62.047,63.133,53.9,67.6,70131.0
400304,61.954,64.4,51.3,67.333,70131.0
400325,61.952,65.367,25.333,69.067,70131.0
400272,61.798,63.833,50.067,67.7,70131.0
400109,61.76,64.433,36.1,69.267,70131.0
400190,61.59,65.0,40.867,69.633,70131.0
400195,61.407,64.3,38.333,69.1,70131.0
400227,61.4,63.767,48.267,67.133,70131.0
400340,61.351,61.833,51.567,70.067,70131.0
400292,61.104,65.1,29.333,68.4,70131.0
400098,60.92,64.0,32.0,68.533,70131.0
400291,60.865,62.6,39.85,70.8,70131.0
400186,60.816,63.633,44.783,67.967,70131.0
400206,60.51,65.9,20.167,69.233,70131.0
400321,60.399,64.833,37.1,71.667,70131.0
400264,60.309,62.2,49.767,67.267,70131.0
400091,60.28,63.1,42.5,66.233,70131.0
400189,60.069,63.7,28.633,69.5,70131.0
400006,60.068,63.567,35.967,68.3,70131.0
400002,60.052,63.767,33.467,67.767,70131.0
400372,60.027,64.1,30.233,68.6,70131.0
400309,59.793,63.667,28.067,69.233,70131.0
400067,59.677,63.733,30.5,69.167,70131.0
400341,59.473,63.767,29.1,69.567,70131.0
400030,59.453,65.067,17.3,68.767,70131.0
400225,59.226,64.333,29.467,68.867,70131.0
400333,59.017,62.8,33.5,69.2,70131.0
400057,58.943,63.1,21.433,67.933,70131.0
400147,58.675,62.967,17.667,69.85,70131.0
400069,58.211,62.9,30.067,69.2,70131.0
400249,58.192,62.833,27.1,68.533,70131.0
400122,57.886,60.4,39.933,68.0,70131.0
400248,57.827,63.567,25.567,69.6,70131.0
400343,57.286,62.833,21.533,68.3,70131.0
400146,56.792,62.967,32.967,67.867,70131.0
400172,56.518,60.867,21.067,62.533,70131.0
400038,55.615,61.367,29.133,69.533,70131.0
400041,55.143,61.633,26.067,69.133,70131.0
400284,54.167,61.2,17.867,71.033,70131.0
