Fwy,Dir,dow,hr,speed
101,N,0,0,67.36043174603174
101,N,0,1,67.14844761904759
101,N,0,2,67.17821359223298
101,N,0,3,67.04936507936509
101,N,0,4,67.11079047619053
101,N,0,5,67.10965714285717
101,N,0,6,66.92901587301587
101,N,0,7,66.93711111111112
101,N,0,8,66.85999682539685
101,N,0,9,66.49082222222222
101,N,0,10,65.25486984126984
101,N,0,11,64.2439111111111
101,N,0,12,63.74242857142858
101,N,0,13,63.861907936507905
101,N,0,14,63.95198412698412
101,N,0,15,63.99889523809524
101,N,0,16,63.99007936507938
101,N,0,17,63.82679047619047
101,N,0,18,64.28070476190476
101,N,0,19,64.88557142857141
101,N,0,20,65.10946031746032
101,N,0,21,66.96293650793652
101,N,0,22,67.35720634920636
101,N,0,23,67.22493968253968
101,N,1,0,67.28231111111111
101,N,1,1,67.03738730158732
101,N,1,2,66.90229523809523
101,N,1,3,66.74864126984127
101,N,1,4,67.35436190476189
101,N,1,5,67.36483492063492
101,N,1,6,63.16853968253966
101,N,1,7,58.546400000000006
101,N,1,8,56.53896190476191
101,N,1,9,59.124638095238105
101,N,1,10,61.622650793650806
101,N,1,11,62.41003809523807
101,N,1,12,63.13204761904762
101,N,1,13,63.458
101,N,1,14,63.45891328560064
101,N,1,15,63.06327564102564
101,N,1,16,62.63270512820512
101,N,1,17,61.70292948717945
101,N,1,18,63.89259615384613
101,N,1,19,65.82451923076923
101,N,1,20,66.37251923076924
101,N,1,21,67.20478205128205
101,N,1,22,67.29675641025639
101,N,1,23,67.12405448717948
101,N,2,0,67.2185968253968
101,N,2,1,66.8821873015873
101,N,2,2,66.74694285714286
101,N,2,3,66.72249841269841
101,N,2,4,67.35811746031747
101,N,2,5,68.01889206349206
101,N,2,6,62.47618412698413
101,N,2,7,56.34156190476191
101,N,2,8,51.67889523809523
101,N,2,9,53.83763809523807
101,N,2,10,59.56100634920636
101,N,2,11,62.21496825396824
101,N,2,12,63.14355555555555
101,N,2,13,63.57832063492064
101,N,2,14,63.273384126984126
101,N,2,15,62.649977777777785
101,N,2,16,61.87933650793649
101,N,2,17,59.82440952380953
101,N,2,18,61.57189523809523
101,N,2,19,65.07566349206348
101,N,2,20,66.25444444444443
101,N,2,21,67.06782857142858
101,N,2,22,67.17258095238095
101,N,2,23,66.98336825396825
101,N,3,0,67.12244230769228
101,N,3,1,66.81663782051282
101,N,3,2,66.80433333333336
101,N,3,3,66.79036538461541
101,N,3,4,67.44065064102563
101,N,3,5,68.02479166666667
101,N,3,6,62.49357371794871
101,N,3,7,56.34573076923079
101,N,3,8,52.13195833333334
101,N,3,9,54.52274038461538
101,N,3,10,59.8439358974359
101,N,3,11,62.16371794871796
101,N,3,12,63.117259615384626
101,N,3,13,63.54805769230771
101,N,3,14,63.31229807692309
101,N,3,15,62.64484935897436
101,N,3,16,61.87942307692305
101,N,3,17,59.6959358974359
101,N,3,18,61.41533012820512
101,N,3,19,65.08596794871795
101,N,3,20,66.37665064102565
101,N,3,21,67.19591987179489
101,N,3,22,67.28677884615384
101,N,3,23,67.11981730769234
101,N,4,0,67.24399038461537
101,N,4,1,66.91397435897439
101,N,4,2,66.81907692307692
101,N,4,3,66.78265705128206
101,N,4,4,67.58697516025642
101,N,4,5,68.10704807692306
101,N,4,6,63.10437179487178
101,N,4,7,57.41864743589744
101,N,4,8,53.33173717948719
101,N,4,9,55.43715705128204
101,N,4,10,60.04171794871794
101,N,4,11,62.1977564102564
101,N,4,12,63.147580128205135
101,N,4,13,63.507496794871805
101,N,4,14,63.19321794871794
101,N,4,15,62.543032051282076
101,N,4,16,61.62695833333333
101,N,4,17,59.074323717948694
101,N,4,18,60.676685897435895
101,N,4,19,64.59727243589744
101,N,4,20,66.14404166666668
101,N,4,21,66.93334935897435
101,N,4,22,67.19319551282052
101,N,4,23,67.0739391025641
101,N,5,0,67.13721794871795
101,N,5,1,66.86777243589742
101,N,5,2,66.8010608974359
101,N,5,3,66.72884294871797
101,N,5,4,67.45000641025639
101,N,5,5,67.97125000000004
101,N,5,6,63.31102884615384
101,N,5,7,59.537554487179484
101,N,5,8,58.487176282051266
101,N,5,9,60.58542307692309
101,N,5,10,61.769451923076915
101,N,5,11,62.150291666666654
101,N,5,12,62.843782051282076
101,N,5,13,63.22344551282052
101,N,5,14,62.766772435897416
101,N,5,15,62.08406089743588
101,N,5,16,61.80838141025641
101,N,5,17,60.56828205128205
101,N,5,18,61.966375000000035
101,N,5,19,65.00129807692309
101,N,5,20,66.22752243589744
101,N,5,21,66.92414743589744
101,N,5,22,67.19894230769233
101,N,5,23,67.18551282051283
101,N,6,0,67.33979807692312
101,N,6,1,67.07562820512821
101,N,6,2,67.0734519230769
101,N,6,3,66.9200064102564
101,N,6,4,67.03831410256407
101,N,6,5,67.12631730769232
101,N,6,6,66.8028044871795
101,N,6,7,66.48295833333331
101,N,6,8,66.23956410256409
101,N,6,9,65.69611538461541
101,N,6,10,64.44974679487181
101,N,6,11,63.556785256410244
101,N,6,12,63.04712499999997
101,N,6,13,63.48068269230768
101,N,6,14,63.56605448717948
101,N,6,15,63.68502884615385
101,N,6,16,63.788855769230764
101,N,6,17,63.55810897435898
101,N,6,18,64.20237179487181
101,N,6,19,65.48367628205129
101,N,6,20,65.83996474358975
101,N,6,21,67.05978525641028
101,N,6,22,67.40454807692306
101,N,6,23,67.44037820512823
101,S,0,0,67.34939033189032
101,S,0,1,67.27979437229438
101,S,0,2,67.27823992350694
101,S,0,3,67.13333694083691
101,S,0,4,67.02226190476192
101,S,0,5,67.04562049062052
101,S,0,6,66.65001443001442
101,S,0,7,66.73808080808081
101,S,0,8,66.64534632034632
101,S,0,9,65.98209595959595
101,S,0,10,64.68091991341993
101,S,0,11,63.84062049062048
101,S,0,12,63.285014430014414
101,S,0,13,63.135645743145744
101,S,0,14,63.23650432900432
101,S,0,15,63.38449494949498
101,S,0,16,63.35179292929293
101,S,0,17,62.78598124098124
101,S,0,18,63.63815295815296
101,S,0,19,64.65184704184705
101,S,0,20,64.83713203463205
101,S,0,21,66.78844516594515
101,S,0,22,67.31169913419913
101,S,0,23,67.31466089466092
101,S,1,0,67.21762265512265
101,S,1,1,66.96616161616161
101,S,1,2,66.75266233766234
101,S,1,3,66.62214285714286
101,S,1,4,66.81144300144301
101,S,1,5,67.09679292929295
101,S,1,6,64.8986111111111
101,S,1,7,58.82202741702741
101,S,1,8,57.628997113997144
101,S,1,9,60.220353535353546
101,S,1,10,60.978755411255406
101,S,1,11,61.20532467532468
101,S,1,12,61.04949494949496
101,S,1,13,60.79539682539683
101,S,1,14,57.433519563173505
101,S,1,15,52.82915574009325
101,S,1,16,52.975604603729614
101,S,1,17,53.858591928904445
101,S,1,18,59.730561625874124
101,S,1,19,64.60445804195803
101,S,1,20,65.82065122377624
101,S,1,21,67.14155375874125
101,S,1,22,67.36809804778554
101,S,1,23,67.27392555361304
101,S,2,0,67.16180735930733
101,S,2,1,66.93245670995672
101,S,2,2,66.76015512265512
101,S,2,3,66.5678823953824
101,S,2,4,66.94328282828286
101,S,2,5,67.41639971139969
101,S,2,6,64.56614357864356
101,S,2,7,56.250021645021626
101,S,2,8,53.112431457431455
101,S,2,9,57.0343903318903
101,S,2,10,60.1351551226551
101,S,2,11,60.96945526695527
101,S,2,12,60.805108225108235
101,S,2,13,60.324823232323226
101,S,2,14,55.334902597402596
101,S,2,15,50.02091991341994
101,S,2,16,48.707319624819625
101,S,2,17,48.316024531024524
101,S,2,18,52.694549062049084
101,S,2,19,61.89841630591632
101,S,2,20,65.28651515151515
101,S,2,21,66.8724025974026
101,S,2,22,67.17556998556998
101,S,2,23,67.16345598845596
101,S,3,0,67.20023310023308
101,S,3,1,66.97975670163171
101,S,3,2,66.78340253496503
101,S,3,3,66.62399475524477
101,S,3,4,66.92896270396272
101,S,3,5,67.41042395104895
101,S,3,6,64.65851180069929
101,S,3,7,56.58083843240094
101,S,3,8,53.97668269230768
101,S,3,9,57.91278044871794
101,S,3,10,60.29281395687646
101,S,3,11,60.78821751165502
101,S,3,12,60.70009469696968
101,S,3,13,60.2048004079254
101,S,3,14,55.307073135198124
101,S,3,15,50.544128787878776
101,S,3,16,48.9225488053613
101,S,3,17,48.451136363636365
101,S,3,18,53.008832313519825
101,S,3,19,62.12726180069932
101,S,3,20,65.23026296620046
101,S,3,21,66.8739291958042
101,S,3,22,67.07494536713283
101,S,3,23,67.12266535547785
101,S,4,0,67.22432983682982
101,S,4,1,66.9831694347319
101,S,4,2,66.79476981351979
101,S,4,3,66.7357881701632
101,S,4,4,66.94469879079253
101,S,4,5,67.49157925407928
101,S,4,6,64.93434222027975
101,S,4,7,57.5213833041958
101,S,4,8,55.1164262820513
101,S,4,9,58.92997523310023
101,S,4,10,60.68188738344988
101,S,4,11,61.27530230186478
101,S,4,12,61.128230623543125
101,S,4,13,60.54107298951048
101,S,4,14,55.633606497668985
101,S,4,15,50.10749927156174
101,S,4,16,48.3287805944056
101,S,4,17,48.1159527972028
101,S,4,18,52.31219405594405
101,S,4,19,61.57564831002331
101,S,4,20,64.98318036130539
101,S,4,21,66.72381264568766
101,S,4,22,67.0334498834499
101,S,4,23,67.13184003496505
101,S,5,0,67.19288680069931
101,S,5,1,66.96917613636366
101,S,5,2,66.78312937062937
101,S,5,3,66.65794726107227
101,S,5,4,66.97490166083918
101,S,5,5,67.31142555361303
101,S,5,6,64.99998907342658
101,S,5,7,61.24300699300698
101,S,5,8,60.87422421328669
101,S,5,9,61.09342584498836
101,S,5,10,61.16296620046623
101,S,5,11,60.94758886946385
101,S,5,12,60.44179050116551
101,S,5,13,59.10198863636365
101,S,5,14,54.34423805361304
101,S,5,15,50.530692744755235
101,S,5,16,51.707998251748265
101,S,5,17,53.83116987179487
101,S,5,18,58.84831002331003
101,S,5,19,63.74115675990679
101,S,5,20,65.21649548368299
101,S,5,21,66.77105914918415
101,S,5,22,66.95885416666668
101,S,5,23,67.05828962703964
101,S,6,0,67.18455346736596
101,S,6,1,67.0650458916084
101,S,6,2,67.1197006118881
101,S,6,3,66.94145541958042
101,S,6,4,66.93077651515152
101,S,6,5,66.95292103729604
101,S,6,6,66.66862980769228
101,S,6,7,66.37892992424244
101,S,6,8,65.78521998834496
101,S,6,9,64.86540282634033
101,S,6,10,63.98269230769232
101,S,6,11,63.396099213286696
101,S,6,12,63.168626165501145
101,S,6,13,63.225746649184146
101,S,6,14,62.83033945221446
101,S,6,15,62.69164117132866
101,S,6,16,62.60528481934733
101,S,6,17,62.48517992424243
101,S,6,18,63.24981424825173
101,S,6,19,64.90534673659673
101,S,6,20,65.07043633449882
101,S,6,21,66.83314758158511
101,S,6,22,67.31204472610723
101,S,6,23,67.32402025058276
280,N,0,0,66.43825396825399
280,N,0,1,66.026917989418
280,N,0,2,65.62731930960086
280,N,0,3,65.35072751322753
280,N,0,4,65.41481481481482
280,N,0,5,65.83997354497353
280,N,0,6,66.34621693121693
280,N,0,7,66.70629629629629
280,N,0,8,66.79210317460317
280,N,0,9,66.39374338624339
280,N,0,10,65.67130952380951
280,N,0,11,65.14123015873015
280,N,0,12,64.75990740740743
280,N,0,13,64.54965608465608
280,N,0,14,64.35664021164023
280,N,0,15,64.4882275132275
280,N,0,16,64.71136243386242
280,N,0,17,64.91784391534392
280,N,0,18,65.3016402116402
280,N,0,19,65.79820105820104
280,N,0,20,65.76736772486773
280,N,0,21,66.64334656084658
280,N,0,22,66.7217328042328
280,N,0,23,66.54566137566138
280,N,1,0,66.09779100529101
280,N,1,1,65.62965608465609
280,N,1,2,65.36732804232801
280,N,1,3,65.33181216931216
280,N,1,4,66.03271164021164
280,N,1,5,66.64105820105823
280,N,1,6,66.03907407407408
280,N,1,7,64.21641534391533
280,N,1,8,63.18415343915345
280,N,1,9,64.12227513227515
280,N,1,10,64.36161375661375
280,N,1,11,64.46134920634921
280,N,1,12,64.64757936507938
280,N,1,13,64.65062169312169
280,N,1,14,64.46780031821798
280,N,1,15,64.05190972222222
280,N,1,16,63.13492254273504
280,N,1,17,61.29628739316239
280,N,1,18,64.22454594017093
280,N,1,19,66.3949652777778
280,N,1,20,66.65048076923075
280,N,1,21,66.87815170940169
280,N,1,22,66.69877136752136
280,N,1,23,66.39037126068376
280,N,2,0,66.0600396825397
280,N,2,1,65.57021164021165
280,N,2,2,65.41130952380954
280,N,2,3,65.33784391534392
280,N,2,4,66.06640211640213
280,N,2,5,66.76387566137564
280,N,2,6,65.8001851851852
280,N,2,7,63.012275132275136
280,N,2,8,59.97822751322752
280,N,2,9,63.20074074074074
280,N,2,10,64.27714285714285
280,N,2,11,64.49276455026455
280,N,2,12,64.60722222222223
280,N,2,13,64.71550264550264
280,N,2,14,64.35636243386244
280,N,2,15,63.44777777777779
280,N,2,16,58.75066137566137
280,N,2,17,52.428333333333335
280,N,2,18,56.59542328042327
280,N,2,19,65.0892857142857
280,N,2,20,66.31502645502646
280,N,2,21,66.74093915343917
280,N,2,22,66.55026455026456
280,N,2,23,66.30226190476192
280,N,3,0,66.09122596153846
280,N,3,1,65.52861912393162
280,N,3,2,65.35154914529913
280,N,3,3,65.43993055555553
280,N,3,4,66.0898370726496
280,N,3,5,66.85661057692307
280,N,3,6,65.68414797008548
280,N,3,7,62.95667735042735
280,N,3,8,60.48816773504273
280,N,3,9,63.30578258547008
280,N,3,10,64.23997061965814
280,N,3,11,64.5639155982906
280,N,3,12,64.61443643162391
280,N,3,13,64.68800747863246
280,N,3,14,64.59033119658122
280,N,3,15,63.74626068376069
280,N,3,16,58.722061965811974
280,N,3,17,52.86784188034187
280,N,3,18,56.87449252136752
280,N,3,19,65.32483974358973
280,N,3,20,66.63218482905982
280,N,3,21,66.88133012820516
280,N,3,22,66.76546474358975
280,N,3,23,66.51080395299144
280,N,4,0,66.20717147435897
280,N,4,1,65.68372061965812
280,N,4,2,65.44922542735043
280,N,4,3,65.51619925213674
280,N,4,4,66.35939169337607
280,N,4,5,66.93524305555557
280,N,4,6,65.96991185897434
280,N,4,7,63.58633814102563
280,N,4,8,61.276295405982914
280,N,4,9,63.77550747863246
280,N,4,10,64.49292200854701
280,N,4,11,64.7407451923077
280,N,4,12,64.94250801282051
280,N,4,13,64.80550213675214
280,N,4,14,64.67648237179486
280,N,4,15,63.396581196581195
280,N,4,16,58.00767895299146
280,N,4,17,52.08559027777779
280,N,4,18,55.39791666666666
280,N,4,19,64.73322649572651
280,N,4,20,66.57334401709402
280,N,4,21,66.98732638888886
280,N,4,22,66.8440438034188
280,N,4,23,66.68911591880344
280,N,5,0,66.21327457264958
280,N,5,1,65.68458867521367
280,N,5,2,65.47865918803419
280,N,5,3,65.53173076923078
280,N,5,4,66.1380876068376
280,N,5,5,66.84590010683762
280,N,5,6,66.20447382478633
280,N,5,7,64.78122329059829
280,N,5,8,63.982879273504274
280,N,5,9,64.30503472222222
280,N,5,10,64.41426282051283
280,N,5,11,64.47405181623932
280,N,5,12,64.56414262820515
280,N,5,13,64.52893963675216
280,N,5,14,64.15588942307694
280,N,5,15,62.49723557692307
280,N,5,16,60.396594551282064
280,N,5,17,57.947609508546996
280,N,5,18,61.62612179487179
280,N,5,19,65.67841880341881
280,N,5,20,66.24714209401712
280,N,5,21,66.78771367521367
280,N,5,22,66.7875667735043
280,N,5,23,66.74114583333333
280,N,6,0,66.32389155982905
280,N,6,1,65.89083867521367
280,N,6,2,65.63916933760683
280,N,6,3,65.39278846153847
280,N,6,4,65.52885950854701
280,N,6,5,66.00320512820511
280,N,6,6,66.51049679487177
280,N,6,7,66.75646367521368
280,N,6,8,66.38016826923077
280,N,6,9,65.70504807692306
280,N,6,10,65.02990117521367
280,N,6,11,64.27661591880342
280,N,6,12,63.64998664529916
280,N,6,13,63.6987313034188
280,N,6,14,63.65645032051281
280,N,6,15,63.52960737179488
280,N,6,16,63.990251068376054
280,N,6,17,64.1808894230769
280,N,6,18,64.9331063034188
280,N,6,19,65.77589476495726
280,N,6,20,66.00037393162394
280,N,6,21,66.76586538461537
280,N,6,22,66.93952991452991
280,N,6,23,66.87630876068376
280,S,0,0,67.46274603174604
280,S,0,1,67.24501587301589
280,S,0,2,67.23317152103559
280,S,0,3,67.20852380952383
280,S,0,4,67.12403174603175
280,S,0,5,66.97204761904763
280,S,0,6,67.30555555555556
280,S,0,7,67.39626984126984
280,S,0,8,67.37515873015874
280,S,0,9,67.16834920634922
280,S,0,10,66.76292063492065
280,S,0,11,66.13033333333334
280,S,0,12,65.67957142857144
280,S,0,13,65.48452380952384
280,S,0,14,65.49831746031747
280,S,0,15,65.69673015873019
280,S,0,16,65.96092063492061
280,S,0,17,65.99457142857143
280,S,0,18,66.42573015873016
280,S,0,19,66.76353968253969
280,S,0,20,66.81185714285715
280,S,0,21,67.23066666666669
280,S,0,22,67.50404761904761
280,S,0,23,67.45049206349208
280,S,1,0,67.32003174603175
280,S,1,1,67.18438095238096
280,S,1,2,67.10507936507936
280,S,1,3,67.00442857142856
280,S,1,4,66.82858730158726
280,S,1,5,66.96799999999999
280,S,1,6,66.97598412698413
280,S,1,7,66.01111111111113
280,S,1,8,64.55926984126982
280,S,1,9,64.1884761904762
280,S,1,10,64.34314285714287
280,S,1,11,64.30887301587302
280,S,1,12,64.38220634920636
280,S,1,13,64.22287301587299
280,S,1,14,63.00288782816229
280,S,1,15,58.04
280,S,1,16,56.81301282051281
280,S,1,17,58.60908653846154
280,S,1,18,63.47540064102563
280,S,1,19,66.56652243589745
280,S,1,20,67.20650641025642
280,S,1,21,67.4308814102564
280,S,1,22,67.58375000000001
280,S,1,23,67.42389423076925
280,S,2,0,67.23255555555555
280,S,2,1,67.06974603174602
280,S,2,2,67.13112698412695
280,S,2,3,66.9978253968254
280,S,2,4,66.73739682539683
280,S,2,5,66.92909523809524
280,S,2,6,66.89480952380953
280,S,2,7,65.53668253968253
280,S,2,8,63.23660317460319
280,S,2,9,62.75122222222222
280,S,2,10,63.74474603174603
280,S,2,11,63.95369841269844
280,S,2,12,64.2098253968254
280,S,2,13,64.05274603174603
280,S,2,14,60.9466349206349
280,S,2,15,51.99755555555555
280,S,2,16,49.60201587301587
280,S,2,17,49.13038095238095
280,S,2,18,54.18969841269842
280,S,2,19,63.83426984126983
280,S,2,20,66.59757142857144
280,S,2,21,67.30568253968254
280,S,2,22,67.51311111111112
280,S,2,23,67.35346031746032
280,S,3,0,67.41328525641026
280,S,3,1,67.2497435897436
280,S,3,2,67.21028846153845
280,S,3,3,67.1304967948718
280,S,3,4,66.94820512820515
280,S,3,5,67.10397435897433
280,S,3,6,67.0798076923077
280,S,3,7,65.85439102564104
280,S,3,8,63.686249999999994
280,S,3,9,63.108637820512826
280,S,3,10,64.03833333333334
280,S,3,11,64.23439102564102
280,S,3,12,64.3077564102564
280,S,3,13,64.07331730769232
280,S,3,14,61.137195512820526
280,S,3,15,52.48370192307694
280,S,3,16,49.84387820512821
280,S,3,17,49.79822115384616
280,S,3,18,56.182115384615386
280,S,3,19,64.91658653846154
280,S,3,20,66.9055608974359
280,S,3,21,67.60610576923078
280,S,3,22,67.76812500000001
280,S,3,23,67.62112179487181
280,S,4,0,67.46975961538462
280,S,4,1,67.30988782051283
280,S,4,2,67.32942307692308
280,S,4,3,67.17940705128206
280,S,4,4,67.03078525641025
280,S,4,5,67.11431089743589
280,S,4,6,67.16823717948718
280,S,4,7,66.05748397435897
280,S,4,8,63.892740384615394
280,S,4,9,63.3260576923077
280,S,4,10,64.04251602564102
280,S,4,11,64.32586538461538
280,S,4,12,64.51855769230771
280,S,4,13,64.25636217948718
280,S,4,14,60.78972756410256
280,S,4,15,51.48208333333334
280,S,4,16,49.6752564102564
280,S,4,17,49.46793269230768
280,S,4,18,54.32790064102563
280,S,4,19,63.69222756410255
280,S,4,20,66.55166666666665
280,S,4,21,67.3655128205128
280,S,4,22,67.60019230769231
280,S,4,23,67.4669391025641
280,S,5,0,67.40998397435897
280,S,5,1,67.24193910256409
280,S,5,2,67.25750000000001
280,S,5,3,67.10854166666667
280,S,5,4,66.98120192307694
280,S,5,5,67.06532051282052
280,S,5,6,67.07751602564102
280,S,5,7,66.29471153846153
280,S,5,8,64.93556089743589
280,S,5,9,64.36067307692306
280,S,5,10,64.49288461538464
280,S,5,11,64.2234935897436
280,S,5,12,64.21697115384615
280,S,5,13,63.744951923076925
280,S,5,14,60.73342948717949
280,S,5,15,55.2555608974359
280,S,5,16,56.50330128205129
280,S,5,17,59.11092948717949
280,S,5,18,62.875064102564096
280,S,5,19,65.81826923076922
280,S,5,20,66.60791666666668
280,S,5,21,67.29876602564102
280,S,5,22,67.58229166666666
280,S,5,23,67.55900641025642
280,S,6,0,67.42588141025641
280,S,6,1,67.24458333333334
280,S,6,2,67.2752564102564
280,S,6,3,67.16979166666667
280,S,6,4,67.0867467948718
280,S,6,5,66.91801282051283
280,S,6,6,67.31415064102563
280,S,6,7,67.3752403846154
280,S,6,8,67.14141025641025
280,S,6,9,66.65568910256411
280,S,6,10,65.94791666666667
280,S,6,11,65.3869551282051
280,S,6,12,65.12274038461538
280,S,6,13,65.17602564102563
280,S,6,14,64.98794871794871
280,S,6,15,64.89262820512822
280,S,6,16,65.1388621794872
280,S,6,17,65.20160256410259
280,S,6,18,65.6056891025641
280,S,6,19,66.4972596153846
280,S,6,20,66.87926282051282
280,S,6,21,67.31564102564103
280,S,6,22,67.62054487179486
280,S,6,23,67.61020833333332
880,N,0,0,67.47007936507934
880,N,0,1,67.32756613756617
880,N,0,2,67.34175913083683
880,N,0,3,67.26766817838246
880,N,0,4,67.21103552532125
880,N,0,5,67.19761526832954
880,N,0,6,67.32637566137566
880,N,0,7,67.31224489795918
880,N,0,8,67.06586167800455
880,N,0,9,66.09761904761905
880,N,0,10,64.57863945578228
880,N,0,11,63.194935752078614
880,N,0,12,61.871934996220695
880,N,0,13,61.08551776266059
880,N,0,14,61.01475434618294
880,N,0,15,60.833522297807995
880,N,0,16,60.701489040060466
880,N,0,17,60.37377551020409
880,N,0,18,60.62104308390024
880,N,0,19,61.572796674225245
880,N,0,20,62.73501511715799
880,N,0,21,66.77933106575964
880,N,0,22,67.42707105064248
880,N,0,23,67.44478458049889
880,N,1,0,67.28948601662887
880,N,1,1,66.97777777777775
880,N,1,2,66.81710506424791
880,N,1,3,66.63419123204838
880,N,1,4,66.93322373393801
880,N,1,5,67.3204648526077
880,N,1,6,62.458484504913066
880,N,1,7,58.36972033257747
880,N,1,8,53.12761904761906
880,N,1,9,55.57232048374905
880,N,1,10,57.17736205593348
880,N,1,11,57.505857898715036
880,N,1,12,57.85538548752835
880,N,1,13,57.42541950113378
880,N,1,14,55.340997083001845
880,N,1,15,51.13406974969477
880,N,1,16,49.460157203907194
880,N,1,17,48.371981837606846
880,N,1,18,54.42665598290598
880,N,1,19,63.238152472527474
880,N,1,20,65.81987942612943
880,N,1,21,67.10537622100121
880,N,1,22,67.15830662393161
880,N,1,23,66.95220543345542
880,N,2,0,67.03111489040059
880,N,2,1,66.64568405139835
880,N,2,2,66.53471655328799
880,N,2,3,66.48941043083899
880,N,2,4,67.03236961451249
880,N,2,5,67.99902872260013
880,N,2,6,62.02764550264552
880,N,2,7,56.65910808767952
880,N,2,8,49.42111866969009
880,N,2,9,52.58032123960695
880,N,2,10,56.54769841269842
880,N,2,11,57.38602040816327
880,N,2,12,57.66920256991685
880,N,2,13,57.01319727891159
880,N,2,14,53.82543461829176
880,N,2,15,48.23397203325775
880,N,2,16,46.28069538926684
880,N,2,17,45.10908919123205
880,N,2,18,48.52961073318217
880,N,2,19,58.002426303854904
880,N,2,20,65.06129251700676
880,N,2,21,66.75761904761906
880,N,2,22,66.98997732426304
880,N,2,23,66.85243386243386
880,N,3,0,66.95328144078145
880,N,3,1,66.68260836385835
880,N,3,2,66.62361492673996
880,N,3,3,66.51047390109889
880,N,3,4,67.18550824175824
880,N,3,5,68.16951312576313
880,N,3,6,62.258123473748476
880,N,3,7,56.91295787545786
880,N,3,8,49.699408577533575
880,N,3,9,53.161527014652
880,N,3,10,56.96415216727715
880,N,3,11,57.726274420024424
880,N,3,12,57.832722832722844
880,N,3,13,56.75308302808305
880,N,3,14,53.67949862637362
880,N,3,15,49.19284569597069
880,N,3,16,46.7683112026862
880,N,3,17,44.98037240537242
880,N,3,18,48.734126984126995
880,N,3,19,57.56085546398047
880,N,3,20,64.77712912087912
880,N,3,21,66.88555784493282
880,N,3,22,67.04891636141635
880,N,3,23,66.96055402930403
880,N,4,0,67.01541132478633
880,N,4,1,66.72783501221002
880,N,4,2,66.66171398046396
880,N,4,3,66.49817612942613
880,N,4,4,67.22647283272285
880,N,4,5,68.1870306776557
880,N,4,6,62.450454059829056
880,N,4,7,57.26551053113552
880,N,4,8,50.95462454212456
880,N,4,9,53.64228098290598
880,N,4,10,56.91717796092796
880,N,4,11,57.72834630647132
880,N,4,12,57.96033653846154
880,N,4,13,57.031921550671555
880,N,4,14,53.48060515873015
880,N,4,15,48.443356990231976
880,N,4,16,46.40563568376069
880,N,4,17,44.74477258852259
880,N,4,18,48.155307539682546
880,N,4,19,56.77127213064712
880,N,4,20,64.12095543345544
880,N,4,21,66.85579212454212
880,N,4,22,67.065956959707
880,N,4,23,66.83854166666664
880,N,5,0,66.98143696581197
880,N,5,1,66.66540369352869
880,N,5,2,66.63371489621493
880,N,5,3,66.50457493894994
880,N,5,4,67.14825244200244
880,N,5,5,68.08274191086691
880,N,5,6,62.53235271672775
880,N,5,7,58.65932921245421
880,N,5,8,54.61438873626372
880,N,5,9,56.382039835164825
880,N,5,10,56.74837072649573
880,N,5,11,56.72204670329671
880,N,5,12,56.45958867521366
880,N,5,13,54.61929563492064
880,N,5,14,51.06248473748473
880,N,5,15,47.054262057387064
880,N,5,16,46.95941315628813
880,N,5,17,46.59409722222222
880,N,5,18,50.89215506715507
880,N,5,19,58.14727182539681
880,N,5,20,64.24029304029304
880,N,5,21,66.69657356532358
880,N,5,22,66.98941163003663
880,N,5,23,67.00333485958485
880,N,6,0,67.12195512820512
880,N,6,1,66.90958104395605
880,N,6,2,66.98522206959707
880,N,6,3,66.79424984737483
880,N,6,4,66.89355540293042
880,N,6,5,67.03535943223442
880,N,6,6,66.9064674908425
880,N,6,7,66.26651785714282
880,N,6,8,65.53337148962152
880,N,6,9,64.46881868131867
880,N,6,10,62.51056547619047
880,N,6,11,60.575450244200226
880,N,6,12,59.1242445054945
880,N,6,13,58.8919184981685
880,N,6,14,58.08070054945054
880,N,6,15,56.881425518925546
880,N,6,16,56.832501526251505
880,N,6,17,56.366517857142846
880,N,6,18,57.77518315018314
880,N,6,19,61.17403464590965
880,N,6,20,63.23837377899878
880,N,6,21,66.4822496947497
880,N,6,22,67.38010912698412
880,N,6,23,67.70432692307693
880,S,0,0,67.67412698412699
880,S,0,1,67.59563114134542
880,S,0,2,67.59939513022037
880,S,0,3,67.5507671957672
880,S,0,4,67.61340513983372
880,S,0,5,67.37318972033259
880,S,0,6,67.45696900982617
880,S,0,7,67.48592214663645
880,S,0,8,67.25838246409674
880,S,0,9,66.1121768707483
880,S,0,10,64.2693990929705
880,S,0,11,62.4154799697657
880,S,0,12,61.04772486772488
880,S,0,13,60.118953136810276
880,S,0,14,59.96612622826909
880,S,0,15,60.604459561602425
880,S,0,16,60.26596371882088
880,S,0,17,59.881402116402114
880,S,0,18,61.29235827664399
880,S,0,19,63.37303854875282
880,S,0,20,64.1433560090703
880,S,0,21,66.82424792139078
880,S,0,22,67.46472411186699
880,S,0,23,67.54018896447468
880,S,1,0,67.56155706727132
880,S,1,1,67.26753968253969
880,S,1,2,67.0668972033258
880,S,1,3,66.87484504913073
880,S,1,4,67.422656840514
880,S,1,5,66.96859032501891
880,S,1,6,59.00311035525321
880,S,1,7,54.03501511715798
880,S,1,8,51.25034391534392
880,S,1,9,53.97209372637945
880,S,1,10,56.33398337112622
880,S,1,11,57.50848450491306
880,S,1,12,58.08070294784579
880,S,1,13,58.690253212396065
880,S,1,14,58.23701935826041
880,S,1,15,58.35948565323565
880,S,1,16,57.351041666666674
880,S,1,17,55.592025335775325
880,S,1,18,61.54102182539682
880,S,1,19,65.92680860805862
880,S,1,20,66.83463446275945
880,S,1,21,67.32447725885224
880,S,1,22,67.40523122710623
880,S,1,23,67.32110042735043
880,S,2,0,67.21562358276644
880,S,2,1,66.87635676492818
880,S,2,2,66.74242630385487
880,S,2,3,66.85692365835223
880,S,2,4,67.66544217687074
880,S,2,5,67.7840702947846
880,S,2,6,57.2512849584278
880,S,2,7,50.65331065759635
880,S,2,8,46.5915797430083
880,S,2,9,49.01331065759636
880,S,2,10,52.53837868480728
880,S,2,11,55.38896447467876
880,S,2,12,57.48722222222222
880,S,2,13,58.52808012093727
880,S,2,14,57.70597505668936
880,S,2,15,56.98789871504156
880,S,2,16,54.72333711262283
880,S,2,17,51.34762660619805
880,S,2,18,57.61957671957673
880,S,2,19,65.02904006046863
880,S,2,20,66.77099773242631
880,S,2,21,67.09123204837489
880,S,2,22,67.3263492063492
880,S,2,23,67.25427437641723
880,S,3,0,67.21873855311354
880,S,3,1,66.97404227716726
880,S,3,2,66.83297084859583
880,S,3,3,66.9053952991453
880,S,3,4,67.75080128205126
880,S,3,5,68.08782814407814
880,S,3,6,57.20217109279611
880,S,3,7,50.87380952380952
880,S,3,8,47.48269230769234
880,S,3,9,49.92201236263736
880,S,3,10,53.12973519536021
880,S,3,11,56.003781288156276
880,S,3,12,57.808978174603176
880,S,3,13,58.77184829059827
880,S,3,14,57.7585927960928
880,S,3,15,56.835267857142846
880,S,3,16,54.38164682539682
880,S,3,17,51.25881791819291
880,S,3,18,57.8337873931624
880,S,3,19,65.29495955433455
880,S,3,20,66.92917811355312
880,S,3,21,67.15742521367521
880,S,3,22,67.48483287545788
880,S,3,23,67.3237065018315
880,S,4,0,67.30148809523807
880,S,4,1,66.98343253968254
880,S,4,2,66.8076694139194
880,S,4,3,66.96584630647129
880,S,4,4,67.77852945665447
880,S,4,5,67.90548305860804
880,S,4,6,58.02257707570205
880,S,4,7,51.88212377899878
880,S,4,8,48.480112942612934
880,S,4,9,50.55828754578754
880,S,4,10,53.469204059829046
880,S,4,11,55.87208867521368
880,S,4,12,57.952358058608056
880,S,4,13,58.900381562881556
880,S,4,14,57.49250992063491
880,S,4,15,56.67634310134309
880,S,4,16,54.268124236874236
880,S,4,17,51.129281135531144
880,S,4,18,57.23907967032969
880,S,4,19,64.67227564102565
880,S,4,20,66.78369581807081
880,S,4,21,67.15006105006105
880,S,4,22,67.37580128205127
880,S,4,23,67.23146367521366
880,S,5,0,67.23153617216119
880,S,5,1,66.95765415140416
880,S,5,2,66.85604777167278
880,S,5,3,66.9970963064713
880,S,5,4,67.63573336385836
880,S,5,5,67.87346611721611
880,S,5,6,60.0400106837607
880,S,5,7,56.34616147741147
880,S,5,8,54.52595009157508
880,S,5,9,55.98124999999999
880,S,5,10,56.47651480463981
880,S,5,11,56.91067994505494
880,S,5,12,57.31731150793651
880,S,5,13,57.10878739316237
880,S,5,14,55.08483669108671
880,S,5,15,54.80300671550672
880,S,5,16,54.189682539682536
880,S,5,17,53.0726037851038
880,S,5,18,57.09356684981684
880,S,5,19,63.29183073870571
880,S,5,20,66.77738858363858
880,S,5,21,67.08125381562881
880,S,5,22,67.28329136141635
880,S,5,23,67.31343101343101
880,S,6,0,67.51049679487178
880,S,6,1,67.26393849206352
880,S,6,2,67.3138698107448
880,S,6,3,67.09422313797312
880,S,6,4,67.33091804029304
880,S,6,5,67.28008623321124
880,S,6,6,67.01374389499391
880,S,6,7,66.45339209401709
880,S,6,8,65.66313339438341
880,S,6,9,64.62313034188035
880,S,6,10,62.88857982295483
880,S,6,11,60.50220924908423
880,S,6,12,58.42675518925518
880,S,6,13,57.79351724664225
880,S,6,14,57.33119658119658
880,S,6,15,57.76540750915751
880,S,6,16,57.60530372405373
880,S,6,17,57.00474282661781
880,S,6,18,58.82643849206349
880,S,6,19,62.82640033577534
880,S,6,20,65.45686813186812
880,S,6,21,66.99735576923078
880,S,6,22,67.41233592796091
880,S,6,23,67.64725274725275
