,count,unique,top,freq,mean,min,25%,50%,75%,max,std
station,7013100.0,,,,400193.99,400000.0,400106.75,400200.5,400285.75,400372.0,108.88356896473411
ts,7013100,,,,2024-01-01 12:26:50.852546,2023-01-01 00:00:00,2023-07-02 16:00:00,2024-01-01 16:30:00,2024-07-02 08:45:00,2024-12-31 23:45:00,
speed,7013100.0,,,,62.62483943857448,3.0,61.23333333333334,65.16666666666667,67.7,82.43333333333334,9.06495113284743
total_flow,7013100.0,,,,274.9287653225155,0.0,128.33333333333334,279.6666666666667,400.0,797.0,161.85998688374747
occupancy,7013100.0,,,,0.06211856694139063,0.0,0.025766666666666663,0.05430000000000001,0.0811,0.7491333333333333,0.052973393935775784
Fwy,7013100.0,,,,447.87,101.0,101.0,280.0,880.0,880.0,371.58976410649234
Dir,7013100,2,N,3646812,,,,,,,
Lanes,7013100.0,,,,4.26,3.0,4.0,4.0,5.0,7.0,0.7017122417426329
temp,7000700.0,,,,61.57549918477541,34.5,54.0,61.0,68.0,104.0,10.720587666493532
prcp,6726300.0,,,,0.0016631521044259104,0.0,0.0,0.0,0.0,0.28,0.012094796412226721
